{
  "unit": "ns",
  "benchmarks": {
    "grams_index_sparse": 2637061.342105263,
    "grams_index_trigram": 87314.89636986301,
    "grams_query_sparse": 1126.9623090556624,
    "grams_query_trigram": 376.02472463353934,
    "local_blob_store_index_reader_candidates": 2799.7044117647056,
    "mmap_index_reader_candidates": 2429.459711934156,
    "plan_(timeout_panicked_denied)": 6464.3859689330275,
    "plan_._": 521.7488913811328,
    "plan_ERROR42": 1873.4262356046065,
    "plan__CRITICAL_": 2953.0619693057943,
    "plan_customer_id=abc123 request_id=deadbeef": 11438.491580137455
  }
}
