{
  "unit": "ns",
  "benchmarks": {
    "grams_index_sparse": 2631391.6842105263,
    "grams_index_trigram": 649427.825,
    "grams_query_sparse": 1180.8856219847285,
    "grams_query_trigram": 886.506560063405,
    "local_blob_store_index_reader_candidates": 29401.070343137253,
    "mmap_index_reader_candidates": 3033.166636766975,
    "plan_(timeout_panicked_denied)": 5480.772989924545,
    "plan_._": 477.3601334160945,
    "plan_ERROR42": 1550.137041476327,
    "plan__CRITICAL_": 2333.1620291115278,
    "plan_customer_id=abc123 request_id=deadbeef": 7111.915492116579
  }
}
