{
  "unit": "ns",
  "benchmarks": {
    "grams_index_sparse": 2121463.4375,
    "grams_index_trigram": 57715.709812753936,
    "grams_query_sparse": 861.7219352252686,
    "grams_query_trigram": 288.1809725385168,
    "index_build_1024x4096_sparse": 297826731.75,
    "index_build_1024x4096_trigram": 23021728.589285716,
    "local_blob_store_segmented_reader_candidate_docs": 6517.423420479303,
    "packed_sort_control_1024": 6639.421735916589,
    "packed_sort_control_128": 621.9962368700908,
    "packed_sort_control_256": 1311.841558799229,
    "packed_sort_control_4096": 30936.748376623378,
    "packed_sort_control_512": 3021.7143773474463,
    "packed_sort_control_65536": 745618.2637362637,
    "packed_sort_hybrid_1024": 4200.8670434503765,
    "packed_sort_hybrid_128": 633.0343960745449,
    "packed_sort_hybrid_256": 1314.467137972461,
    "packed_sort_hybrid_4096": 15929.956626254181,
    "packed_sort_hybrid_512": 2270.154783580898,
    "packed_sort_hybrid_65536": 274182.90029761905,
    "plan_(timeout_panicked_denied)": 9301.684618566382,
    "plan_._": 400.1298143098626,
    "plan_ERROR42": 1504.8221856083956,
    "plan__CRITICAL_": 3486.210128741872,
    "plan_customer_id=abc123 request_id=deadbeef": 8529.793991955758
  }
}
