{
  "unit": "ns",
  "benchmarks": {
    "grams_index_sparse": 2647825.421052632,
    "grams_index_trigram": 87850.28108530962,
    "grams_query_sparse": 1109.1584390096618,
    "grams_query_trigram": 408.4285420503586,
    "local_blob_store_index_reader_candidates": 2799.7019347154264,
    "mmap_index_reader_candidates": 2466.8072045918943,
    "plan_(timeout_panicked_denied)": 12203.438524831032,
    "plan_._": 508.3379552582387,
    "plan_ERROR42": 1917.5706623264764,
    "plan__CRITICAL_": 4290.52611916345,
    "plan_customer_id=abc123 request_id=deadbeef": 11120.717602996254
  }
}
