{
  "unit": "ns",
  "benchmarks": {
    "grams_index_sparse": 2687387.263157895,
    "grams_index_trigram": 87443.42522727273,
    "grams_query_sparse": 1217.3208444751574,
    "grams_query_trigram": 377.6811605969075,
    "local_blob_store_index_reader_candidates": 2786.401163418861,
    "mmap_index_reader_candidates": 2365.167268062449,
    "plan_(timeout_panicked_denied)": 12439.15354546656,
    "plan_._": 516.2518292811611,
    "plan_ERROR42": 1960.562143474503,
    "plan__CRITICAL_": 4427.064808846346,
    "plan_customer_id=abc123 request_id=deadbeef": 12137.846341463413
  }
}
