{
  "unit": "ns",
  "benchmarks": {
    "grams_index_sparse": 2617754.5,
    "grams_index_trigram": 87437.11212121212,
    "grams_query_sparse": 1268.8778305770948,
    "grams_query_trigram": 370.48175864115115,
    "local_blob_store_index_reader_candidates": 2716.1150195160035,
    "mmap_index_reader_candidates": 2044.1793504497405,
    "plan_(timeout_panicked_denied)": 12387.364166666666,
    "plan_._": 510.87486744380794,
    "plan_ERROR42": 1920.8741743732717,
    "plan__CRITICAL_": 4452.7615454774,
    "plan_customer_id=abc123 request_id=deadbeef": 11621.57455882353
  }
}
