{
  "unit": "ns",
  "benchmarks": {
    "grams_index_sparse": 2642731.7894736845,
    "grams_index_trigram": 674289.5732057416,
    "grams_query_sparse": 1131.628009155665,
    "grams_query_trigram": 876.3065466886055,
    "local_blob_store_index_reader_candidates": 32770.12631944445,
    "mmap_index_reader_candidates": 6009.319116225546,
    "plan_(timeout_panicked_denied)": 5603.58687150838,
    "plan_._": 479.28172839506175,
    "plan_ERROR42": 1497.9321309539114,
    "plan__CRITICAL_": 2394.3297862897125,
    "plan_customer_id=abc123 request_id=deadbeef": 6949.693837736846
  }
}
