{
  "unit": "ns",
  "benchmarks": {
    "grams_index_sparse": 2760182.8421052634,
    "grams_index_trigram": 95389.1553030303,
    "grams_query_sparse": 1162.564881329472,
    "grams_query_trigram": 371.7692634651276,
    "local_blob_store_index_reader_candidates": 2772.559990814452,
    "mmap_index_reader_candidates": 2114.7405180228457,
    "plan_(timeout_panicked_denied)": 6390.422228388108,
    "plan_._": 528.3753601799142,
    "plan_ERROR42": 1834.1904275917273,
    "plan__CRITICAL_": 2937.593072193072,
    "plan_customer_id=abc123 request_id=deadbeef": 11095.58699296674
  }
}
