{
  "unit": "ns",
  "benchmarks": {
    "grams_index_sparse": 2782582.578947368,
    "grams_index_trigram": 94841.416858458,
    "grams_query_sparse": 1251.8989079029943,
    "grams_query_trigram": 373.1555813530001,
    "local_blob_store_index_reader_candidates": 2694.689770338653,
    "mmap_index_reader_candidates": 2265.5619659050744,
    "plan_(timeout_panicked_denied)": 12619.532507847925,
    "plan_._": 513.181097562087,
    "plan_ERROR42": 1927.3608335462443,
    "plan__CRITICAL_": 4551.870315255732,
    "plan_customer_id=abc123 request_id=deadbeef": 12102.299651567944
  }
}
